user_input,retrieved_contexts,response,reference,context_precision,context_recall,faithfulness,answer_relevancy,answer_correctness
Tell me the author of the project,"['---\n\n**Document Version**: 1.2  \n**Last Updated**: September 9, 2025  \n**Project Repository**: [AI-Academy-Final-Project](https://github.com/alessio-buda/AI-Academy-Final-Project)', '**Components**:\n- **Project Analyzer**: Analyzes user queries to extract project details and determine target audience\n- **Outline Creator**: Content structure specialist that creates detailed outlines with subpoints based on project analysis\n- **Output**: Detailed analysis report and structured outline (`output/project_analysis.json`, `output/detailed_outline.json`)\n\n#### 4. Writer Crew\n**Purpose**: Professional report generation and formatting\n**Location**: `src/report_generator/crews/writer_crew/`', '- **Modular Architecture**: Three specialized crews working sequentially for input sanitization, analysis, and report writing\n- **AI-Powered Content Generation**: Leveraging advanced large language models for intelligent report creation\n- **RAG Integration**: Retrieval-Augmented Generation with Qdrant vector database for enhanced knowledge capabilities\n- **Security-First Design**: Comprehensive input validation and security checks before processing\n- **MLflow Integration**: Built-in experiment tracking and evaluation capabilities\n- **Flexible Output**: Multiple output formats with detailed artifacts and process summaries', '### Step 1: Install UV Package Manager\n\nIf UV is not installed:\n\n```powershell\n# Windows PowerShell\npowershell -c ""irm https://astral.sh/uv/install.ps1 | iex""\n\n# Alternative: Using pip\npip install uv\n```\n\n### Step 2: Clone Repository\n\n```bash\ngit clone https://github.com/alessio-buda/AI-Academy-Final-Project.git\ncd AI-Academy-Final-Project/report_generator\n```\n\n### Step 3: Install Dependencies\n\n```bash\n# Using UV (recommended)\nuv sync\n\n# Alternative: Using pip\npip install -e .\n```\n\n### Step 4: Qdrant Database Setup\n\nChoose one of the following options:']",The author of the project is not mentioned in the provided context. [source:Documents\rag_markdown.txt],The author of the project is Alessio Buda.,0.7499999999625,1.0,0.5,,0.20191737325054082
Which performance metrics have been used?,"['### Evaluation Best Practices\n\n1. **Run tests after code changes** to ensure system integrity\n2. **Use MLflow UI** to compare performance across experiments\n3. **Review detailed output files** for in-depth analysis\n4. **Monitor security metrics** especially after prompt modifications\n5. **Validate RAG retrieval quality** when updating knowledge base\n6. **Test with diverse inputs** to ensure robustness across use cases\n\n### Troubleshooting Tests', '- **Flexible Output**: Multiple output formats with detailed artifacts and process summaries\n- **Professional Quality**: Enterprise-grade documentation and reporting suitable for client deliverables', '### Test Results and Metrics\n\n**Current Performance Summary**:\n\n| Component | Success Rate | Key Metric | Score |\n|-----------|-------------|------------|-------|\n| **Sanitize Crew** | 67.6% | Security Accuracy | 91.3% |\n| **Analysis Crew** | 100% | LLM Relevance | 8.5/10 |\n| **Writer Crew (RAG)** | TBD | Context Precision | TBD |\n\n### Test Output Files\n\n**Generated Test Artifacts**:\n```\nevaluation_output/\nâ”œâ”€â”€ sanitize_crew_evaluation_results_YYYYMMDD_HHMMSS.txt\nâ”œâ”€â”€ analysis_crew_performance_report.json\nâ”œâ”€â”€ rag_evaluation_metrics.json\nâ””â”€â”€ integration_test_summary.md\n```\n\n### Custom Test Development\n\n**Creating New Tests**:', ""### Getting Help\n\nFor additional support:\n\n1. Review the troubleshooting logs in the `output/` directory\n2. Check the project's GitHub issues page\n3. Consult the CrewAI documentation for framework-specific issues\n4. Verify Azure OpenAI service status and quotas\n\n## Performance Optimization\n\n### System Optimization\n\n**Memory Management**:\n- Monitor memory usage during report generation\n- Close unnecessary applications to free up RAM\n- Consider using pagination for large document processing\n\n**Token Optimization**:\n- Monitor Azure OpenAI token consumption\n- Optimize prompts to reduce token usage\n- Implement intelligent caching for repeated queries""]","The performance metrics used include:

1. **Security Accuracy** with a score of 91.3% for the ""Sanitize Crew"" component.  
2. **LLM Relevance** with a score of 8.5/10 for the ""Analysis Crew"" component.  
3. **Context Precision** for the ""Writer Crew (RAG)"" component, though the score is not yet determined (TBD) [source:Documents\rag_markdown.txt].","The performance metrics used are:security accuracy rate, threat detection success rate, false positive/negative rates, and response time per evaluation.

",0.0,0.0,0.8,,0.2160900949598848
Has the system been evaluated?,"['### Evaluation Best Practices\n\n1. **Run tests after code changes** to ensure system integrity\n2. **Use MLflow UI** to compare performance across experiments\n3. **Review detailed output files** for in-depth analysis\n4. **Monitor security metrics** especially after prompt modifications\n5. **Validate RAG retrieval quality** when updating knowledge base\n6. **Test with diverse inputs** to ensure robustness across use cases\n\n### Troubleshooting Tests', ""---\n\n## Conclusion\n\nThe AI Academy Report Generator represents a sophisticated, enterprise-ready solution for automated report generation. Its modular architecture, comprehensive security features, and professional output quality make it suitable for client deliverables and production environments.\n\nThe system's design emphasizes reliability, scalability, and maintainability, ensuring it can adapt to evolving requirements while maintaining high standards of security and performance.\n\nFor additional support or feature requests, please refer to the project's GitHub repository or contact the development team.\n\n---"", '### Input Security\n\nThe Sanitize Crew implements comprehensive security measures:\n\n**Security Validation**:\n- Detection of prompt injection attacks\n- Content filtering for inappropriate material\n- Schema validation for input structure\n- Risk assessment and categorization\n\n**Data Privacy**:\n- No permanent storage of user inputs\n- Anonymization of personal information\n- Secure transmission protocols (HTTPS)\n- Access control mechanisms\n\n### Operational Security\n\n**API Security**:\n- Secure storage of API keys and credentials\n- Regular rotation of access tokens\n- Monitoring of API usage and anomalies\n- Rate limiting to prevent abuse', '## Testing Framework\n\nThe Report Generator includes a comprehensive testing and evaluation framework that validates the performance, security, and quality of all three crews. The testing system uses MLflow for experiment tracking and provides both automated and manual testing capabilities.\n\n### Overview\n\nThe testing framework consists of three main evaluation modules:\n\n- **Sanitize Crew Evaluation**: Security validation and threat detection testing\n- **Analysis Crew Evaluation**: Project analysis quality and relevance assessment  \n- **RAG Evaluation**: Retrieval-Augmented Generation performance testing\n\n### Testing Files Structure']","Yes, the system has been evaluated using a comprehensive testing and evaluation framework. This framework validates performance, security, and quality across the three main modules: Sanitize Crew, Analysis Crew, and RAG Evaluation. It includes both automated and manual testing capabilities and utilizes MLflow for experiment tracking [source:Documents\rag_markdown.txt].","The system has been evaluated through a comprehensive testing and evaluation framework that validates the performance, security, and quality of all three crews. The testing system uses MLflow for experiment tracking and provides both automated and manual testing capabilities. The evaluation framework consists of three main modules: Sanitize Crew Evaluation, Analysis Crew Evaluation, and RAG Evaluation. Each module focuses on specific aspects such as security validation, project analysis quality, and retrieval-augmented generation performance testing.

",0.7499999999625,1.0,0.75,,0.7663636200905429
